id,name,createdAt,updatedAt
a476d64a-446d-4ee7-a20a-8d18dfa4a250,Tea Jus,2026-09-16T06:23:39.699Z,2026-09-16T06:23:39.699Z
474af5be-7640-487d-921e-54a0a4ecb70b,Top Ice,2026-09-16T06:23:39.699Z,2026-09-16T06:23:39.699Z
1c2d1a03-bd5a-4241-a335-34dbe598aac2,Jasjus,2026-09-16T06:23:39.699Z,2026-09-16T06:23:39.699Z
517e00c2-0123-43a3-be4d-a6b49e161377,Kopi & Susu,2026-09-16T06:23:39.699Z,2026-09-16T06:23:39.699Z
adacbb29-58df-4c62-bbbc-0a148262166a,Mie,2026-09-16T06:23:39.699Z,2026-09-16T06:23:39.699Z
2911a92a-8ce9-4c75-86e1-e5fb1e98b0d5,Bihun,2026-09-16T06:23:39.699Z,2026-09-16T06:23:39.699Z
22c114ba-6313-40aa-bdfc-7f44f0eff3a8,Resale,2026-09-16T06:23:39.699Z,2026-09-16T06:23:39.699Z
3d782a85-10e0-4793-962e-c8d0354bd507,Production,2026-09-16T06:23:39.699Z,2026-09-16T06:23:39.699Z
b1285b71-f35d-44fe-9bf9-44a8c1575aad,Finto,2026-09-16T08:15:19.694Z,2026-09-16T08:15:19.694Z
